ID	Betweenness	Chain	ResID	ResName
A:227:ASN	0	A	227	ASN
A:228:GLU	476	A	228	GLU
A:229:ASP	950	A	229	ASP
A:230:MET	1547.2224809836	A	230	MET
A:231:PRO	65.3837304547017	A	231	PRO
A:232:VAL	928.880257717449	A	232	VAL
A:233:GLU	0	A	233	GLU
A:234:ARG	113.376731602427	A	234	ARG
A:235:ILE	4059.4209456637	A	235	ILE
A:236:LEU	809.672820081354	A	236	LEU
A:237:GLU	20.3097542113454	A	237	GLU
A:238:ALA	768.485430400436	A	238	ALA
A:239:GLU	522.770134201616	A	239	GLU
A:240:LEU	100.261086810377	A	240	LEU
A:241:ALA	0	A	241	ALA
A:242:VAL	2578.8656205378	A	242	VAL
A:243:GLU	0	A	243	GLU
A:244:PRO	981.714169192039	A	244	PRO
A:245:LYS	572.706462430743	A	245	LYS
A:246:THR	210.648133267813	A	246	THR
A:247:GLU	182.397313482254	A	247	GLU
A:248:THR	519.185126226181	A	248	THR
A:249:TYR	943.001067181927	A	249	TYR
A:250:VAL	28.0132395382395	A	250	VAL
A:251:GLU	3.5781512605042	A	251	GLU
A:252:ALA	1077.97770152182	A	252	ALA
A:253:ASN	625.289909738441	A	253	ASN
A:254:MET	460.545505243383	A	254	MET
A:255:GLY	0	A	255	GLY
A:256:LEU	2166.7678156352	A	256	LEU
A:257:ASN	1082.06936267624	A	257	ASN
A:258:PRO	671.507514878184	A	258	PRO
A:259:SER	370.247281160627	A	259	SER
A:260:SER	218.146151563827	A	260	SER
A:261:PRO	400.060074553198	A	261	PRO
A:262:ASN	834.01245550558	A	262	ASN
A:263:ASP	1281.88031264844	A	263	ASP
A:264:PRO	1740.354879748	A	264	PRO
A:265:VAL	147.330731811529	A	265	VAL
A:266:THR	0.583333333333333	A	266	THR
A:267:ASN	113.006853655711	A	267	ASN
A:268:ILE	2253.96871050306	A	268	ILE
A:269:CYS	1723.2840472811	A	269	CYS
A:270:GLN	50.5388570824049	A	270	GLN
A:271:ALA	3707.56440014557	A	271	ALA
A:272:ALA	1782.74167992668	A	272	ALA
A:273:ASP	1197.21095462672	A	273	ASP
A:274:LYS	136.148971827622	A	274	LYS
A:275:GLN	6933.57382539359	A	275	GLN
A:276:LEU	3196.53648189008	A	276	LEU
A:277:PHE	462.225073930005	A	277	PHE
A:278:THR	3130.78234200954	A	278	THR
A:279:LEU	1950.4023223703	A	279	LEU
A:280:VAL	762.460911374365	A	280	VAL
A:281:GLU	0	A	281	GLU
A:282:TRP	1515.78011397276	A	282	TRP
A:283:ALA	834.137249518756	A	283	ALA
A:284:LYS	18.7706311950872	A	284	LYS
A:285:ARG	13.8370148958443	A	285	ARG
A:286:ILE	1811.06549987375	A	286	ILE
A:287:PRO	0	A	287	PRO
A:288:HIS	0	A	288	HIS
A:289:PHE	862.082533207328	A	289	PHE
A:290:SER	43.3239435685088	A	290	SER
A:291:GLU	100.891978561874	A	291	GLU
A:292:LEU	1132.89647307469	A	292	LEU
A:293:PRO	0	A	293	PRO
A:294:LEU	390.704423196371	A	294	LEU
A:295:ASP	0.762669683257919	A	295	ASP
A:296:ASP	44.2731721633319	A	296	ASP
A:297:GLN	1501.2006052571	A	297	GLN
A:298:VAL	842.747398150937	A	298	VAL
A:299:ILE	412.284450678578	A	299	ILE
A:300:LEU	2802.11649831178	A	300	LEU
A:301:LEU	3082.78117664897	A	301	LEU
A:302:ARG	5428.83813364323	A	302	ARG
A:303:ALA	565.255753749177	A	303	ALA
A:304:GLY	376.673063776566	A	304	GLY
A:305:TRP	7928.15921752895	A	305	TRP
A:306:ASN	1963.14664875509	A	306	ASN
A:307:GLU	21583.7476337098	A	307	GLU
A:308:LEU	5722.18406620951	A	308	LEU
A:309:LEU	11852.0670729907	A	309	LEU
A:310:ILE	4079.54659324841	A	310	ILE
A:311:ALA	830.457482668334	A	311	ALA
A:312:SER	830.457482668334	A	312	SER
A:313:PHE	10518.029601251	A	313	PHE
A:314:SER	3054.55546968888	A	314	SER
A:315:HIS	1162.93357485731	A	315	HIS
A:316:ARG	124.584526205543	A	316	ARG
A:317:SER	124.915637212183	A	317	SER
A:318:ILE	2020.26489563787	A	318	ILE
A:319:ALA	0	A	319	ALA
A:320:VAL	696.225572149709	A	320	VAL
A:321:LYS	52.476590994486	A	321	LYS
A:322:ASP	35.7403508604643	A	322	ASP
A:323:GLY	730.620638864539	A	323	GLY
A:324:ILE	630.619447112346	A	324	ILE
A:325:LEU	5302.1358683004	A	325	LEU
A:326:LEU	5681.10380248231	A	326	LEU
A:327:ALA	0.912337662337662	A	327	ALA
A:328:THR	17.4327713952714	A	328	THR
A:329:GLY	94.4018528078981	A	329	GLY
A:330:LEU	2355.65497169356	A	330	LEU
A:331:HIS	1072.68218570172	A	331	HIS
A:332:VAL	1421.61216153511	A	332	VAL
A:333:HIS	204.578678712888	A	333	HIS
A:334:ARG	21.0874214361964	A	334	ARG
A:335:ASN	290.508742723308	A	335	ASN
A:336:SER	771.148268295625	A	336	SER
A:337:ALA	1214.05621587957	A	337	ALA
A:338:HIS	511.062329416444	A	338	HIS
A:339:SER	21.1808649290759	A	339	SER
A:340:ALA	2390.67252845617	A	340	ALA
A:341:GLY	7.31785714285714	A	341	GLY
A:342:VAL	3201.83206175449	A	342	VAL
A:343:GLY	557.458394584816	A	343	GLY
A:344:ALA	2.31785714285714	A	344	ALA
A:345:ILE	1454.46673365937	A	345	ILE
A:346:PHE	4391.87263967976	A	346	PHE
A:347:ASP	323.273746678636	A	347	ASP
A:348:ARG	1.35238095238095	A	348	ARG
A:349:VAL	5146.14375084342	A	349	VAL
A:350:LEU	2649.543069301	A	350	LEU
A:351:THR	15.5841991341991	A	351	THR
A:352:GLU	0	A	352	GLU
A:353:LEU	14671.759609328	A	353	LEU
A:354:VAL	1788.06576751938	A	354	VAL
A:355:SER	272.668620624874	A	355	SER
A:356:LYS	0	A	356	LYS
A:357:MET	3552.08717919779	A	357	MET
A:358:ARG	266.219110797512	A	358	ARG
A:359:ASP	3.97458550221708	A	359	ASP
A:360:MET	429.698945636009	A	360	MET
A:361:GLN	0	A	361	GLN
A:362:MET	2057.40546896414	A	362	MET
A:363:ASP	88.5803458570247	A	363	ASP
A:364:LYS	214.483219567321	A	364	LYS
A:365:THR	427.473533544937	A	365	THR
A:366:GLU	0.733369408369408	A	366	GLU
A:367:LEU	1687.49525771063	A	367	LEU
A:368:GLY	1220.05524425663	A	368	GLY
A:369:CYS	5874.32021221979	A	369	CYS
A:370:LEU	176.615361298791	A	370	LEU
A:371:ARG	5450.43867454131	A	371	ARG
A:372:ALA	902.468509910953	A	372	ALA
A:373:ILE	1513.22386824515	A	373	ILE
A:374:VAL	671.450243294991	A	374	VAL
A:375:LEU	1132.3158919659	A	375	LEU
A:376:PHE	4638.61290049295	A	376	PHE
A:377:ASN	0	A	377	ASN
A:378:PRO	1855.95090775934	A	378	PRO
A:379:ASP	1384.03424109268	A	379	ASP
A:380:SER	916.034241092675	A	380	SER
A:381:LYS	448.034241092671	A	381	LYS
A:382:GLY	8.33333333333333	A	382	GLY
A:383:LEU	36.2990922406604	A	383	LEU
A:384:SER	503.965758907329	A	384	SER
A:385:ASN	971.965758907325	A	385	ASN
A:386:PRO	1439.96575890732	A	386	PRO
A:387:ALA	2.33333333333333	A	387	ALA
A:388:GLU	0	A	388	GLU
A:389:VAL	3083.00089192651	A	389	VAL
A:390:GLU	4.47547029332517	A	390	GLU
A:391:ALA	0	A	391	ALA
A:392:LEU	1253.95609772139	A	392	LEU
A:393:ARG	2387.20519824278	A	393	ARG
A:394:GLU	1.00952380952381	A	394	GLU
A:395:LYS	0.759523809523809	A	395	LYS
A:396:VAL	4556.25869114238	A	396	VAL
A:397:TYR	1822.34560266842	A	397	TYR
A:398:ALA	19.2039168988288	A	398	ALA
A:399:SER	964.298193719884	A	399	SER
A:400:LEU	10641.8631502036	A	400	LEU
A:401:GLU	1211.76369365356	A	401	GLU
A:402:ALA	79.8544583423726	A	402	ALA
A:403:TYR	255.494605137404	A	403	TYR
A:404:CYS	2892.00276301382	A	404	CYS
A:405:LYS	0	A	405	LYS
A:406:HIS	14.0570030846347	A	406	HIS
A:407:LYS	4.570168208984	A	407	LYS
A:408:TYR	963.00112107386	A	408	TYR
A:409:PRO	493.001121073861	A	409	PRO
A:410:GLU	38.8364409826941	A	410	GLU
A:411:GLN	20.3353199088335	A	411	GLN
A:412:PRO	455.998878926139	A	412	PRO
A:413:GLY	925.99887892614	A	413	GLY
A:414:ARG	1538.26796693139	A	414	ARG
A:415:PHE	13591.4204049743	A	415	PHE
A:416:ALA	23.6774891774892	A	416	ALA
A:417:LYS	0	A	417	LYS
A:418:LEU	1883.59606402326	A	418	LEU
A:419:LEU	13872.3785983331	A	419	LEU
A:420:LEU	507.447938774915	A	420	LEU
A:421:ARG	14570.355151756	A	421	ARG
A:422:LEU	39210.4777363232	A	422	LEU
A:423:PRO	13280.5597340049	A	423	PRO
A:424:ALA	520.958521949253	A	424	ALA
A:425:LEU	19116.1260652843	A	425	LEU
A:426:ARG	7487.76712691505	A	426	ARG
A:427:SER	24.4913093042099	A	427	SER
A:428:ILE	837.232973265685	A	428	ILE
A:429:GLY	3503.76842321421	A	429	GLY
A:430:LEU	1908.73459774899	A	430	LEU
A:431:LYS	0.717857142857143	A	431	LYS
A:432:CYS	1181.78894197009	A	432	CYS
A:433:LEU	1705.63388763678	A	433	LEU
A:434:GLU	1337.54719597661	A	434	GLU
A:435:HIS	286.687917828797	A	435	HIS
A:436:LEU	602.990969465595	A	436	LEU
A:437:PHE	646.260281120802	A	437	PHE
A:438:PHE	966.942005010562	A	438	PHE
A:439:PHE	108.795408488564	A	439	PHE
A:440:LYS	0.466666666666667	A	440	LYS
A:441:LEU	27.3829854390118	A	441	LEU
A:442:ILE	732.938262552643	A	442	ILE
A:443:GLY	478.852938711922	A	443	GLY
A:444:ASP	417.763993839198	A	444	ASP
A:445:THR	629.212234038413	A	445	THR
A:446:PRO	0	A	446	PRO
A:447:ILE	2355.63208950345	A	447	ILE
A:448:ASP	6.35945165945166	A	448	ASP
A:449:THR	286.833870539424	A	449	THR
A:450:PHE	998.002156309447	A	450	PHE
A:451:LEU	1833.27965821023	A	451	LEU
A:452:MET	3187.90861195802	A	452	MET
A:453:GLU	0	A	453	GLU
A:454:MET	5129.41734467851	A	454	MET
A:455:LEU	4740.44539882695	A	455	LEU
A:456:GLU	0	A	456	GLU
A:457:ALA	4517.27318656584	A	457	ALA
A:458:PRO	4489.02460827924	A	458	PRO
B:103:PRO	4521.2511864869	B	103	PRO
B:104:VAL	4657.31195540663	B	104	VAL
B:105:GLN	0	B	105	GLN
B:106:LEU	3813.05770550635	B	106	LEU
B:107:SER	224.903485216451	B	107	SER
B:108:LYS	19.1101551931996	B	108	LYS
B:109:GLU	268.206669976748	B	109	GLU
B:110:GLN	3413.40054886867	B	110	GLN
B:111:GLU	152.844532325628	B	111	GLU
B:112:GLU	0	B	112	GLU
B:113:LEU	1106.46857145592	B	113	LEU
B:114:ILE	1848.9636285711	B	114	ILE
B:115:ARG	154.726557569672	B	115	ARG
B:116:THR	428.243778689938	B	116	THR
B:117:LEU	1921.0212280529	B	117	LEU
B:118:LEU	2009.02439231919	B	118	LEU
B:119:GLY	255.316415019671	B	119	GLY
B:120:ALA	1527.71952669342	B	120	ALA
B:121:HIS	1738.66201930106	B	121	HIS
B:122:THR	101.838411996801	B	122	THR
B:123:ARG	0.455263157894737	B	123	ARG
B:124:HIS	534.896897363119	B	124	HIS
B:125:MET	1408.41319128514	B	125	MET
B:126:GLY	73.2210969177743	B	126	GLY
B:127:THR	47.7070346320346	B	127	THR
B:128:MET	1282.93589888971	B	128	MET
B:129:PHE	2251.30628176493	B	129	PHE
B:130:GLU	39.2599130685947	B	130	GLU
B:131:GLN	82.9035533472412	B	131	GLN
B:132:PHE	1570.93731252183	B	132	PHE
B:133:VAL	19.3296520315691	B	133	VAL
B:134:GLN	0	B	134	GLN
B:135:PHE	2210.01098760174	B	135	PHE
B:136:ARG	0	B	136	ARG
B:137:PRO	631.365251233159	B	137	PRO
B:138:PRO	248.696181533702	B	138	PRO
B:139:ALA	247.346056532665	B	139	ALA
B:140:HIS	1598.63184555502	B	140	HIS
B:141:LEU	1636.49344175533	B	141	LEU
B:142:PHE	2588.3686266243	B	142	PHE
B:143:ILE	619.731568460117	B	143	ILE
B:144:HIS	304.22902624968	B	144	HIS
B:145:HIS	448.022197245548	B	145	HIS
B:146:GLN	6.23333333333333	B	146	GLN
B:147:PRO	32.2111360877853	B	147	PRO
B:148:LEU	1232.73243988592	B	148	LEU
B:149:PRO	0	B	149	PRO
B:150:THR	224.181171768272	B	150	THR
B:151:LEU	387.841951272516	B	151	LEU
B:152:ALA	812.165543036603	B	152	ALA
B:153:PRO	0	B	153	PRO
B:154:VAL	1751.95943342847	B	154	VAL
B:155:LEU	3.33333333333333	B	155	LEU
B:156:PRO	0	B	156	PRO
B:157:LEU	891.394360957435	B	157	LEU
B:158:VAL	2079.33235823349	B	158	VAL
B:159:THR	166.608688068158	B	159	THR
B:160:HIS	922.563063779209	B	160	HIS
B:161:PHE	1560.33349375919	B	161	PHE
B:162:ALA	2448.21155969287	B	162	ALA
B:163:ASP	86.5432670783457	B	163	ASP
B:164:ILE	6012.68490516294	B	164	ILE
B:165:ASN	1876.53468659375	B	165	ASN
B:166:THR	2562.13877870043	B	166	THR
B:167:PHE	572.807342022411	B	167	PHE
B:168:MET	10756.7066337187	B	168	MET
B:169:VAL	1772.10777237748	B	169	VAL
B:170:LEU	375.803302987672	B	170	LEU
B:171:GLN	986.902329229136	B	171	GLN
B:172:VAL	3515.53709516154	B	172	VAL
B:173:ILE	444.722183732478	B	173	ILE
B:174:LYS	44.1074327072878	B	174	LYS
B:175:PHE	3112.60070368255	B	175	PHE
B:176:THR	816.038590443027	B	176	THR
B:177:LYS	79.890844392746	B	177	LYS
B:178:ASP	26.9052475674311	B	178	ASP
B:179:LEU	1129.56682574539	B	179	LEU
B:180:PRO	0	B	180	PRO
B:181:VAL	0.583333333333333	B	181	VAL
B:182:PHE	925.225657096909	B	182	PHE
B:183:ARG	172.320452688203	B	183	ARG
B:184:SER	0	B	184	SER
B:185:LEU	678.357321999721	B	185	LEU
B:186:PRO	0	B	186	PRO
B:187:ILE	290.396667202533	B	187	ILE
B:188:GLU	0	B	188	GLU
B:189:ASP	199.574534372831	B	189	ASP
B:190:GLN	1975.3868720306	B	190	GLN
B:191:ILE	677.923950608517	B	191	ILE
B:192:SER	0.703968253968254	B	192	SER
B:193:LEU	2433.67758700526	B	193	LEU
B:194:LEU	2789.19350014798	B	194	LEU
B:195:LYS	0.703968253968254	B	195	LYS
B:196:GLY	422.959506681112	B	196	GLY
B:197:ALA	3665.53912368783	B	197	ALA
B:198:ALA	6069.66653840548	B	198	ALA
B:199:VAL	5838.9476489664	B	199	VAL
B:200:GLU	26906.1504960539	B	200	GLU
B:201:ILE	8476.14248225731	B	201	ILE
B:202:CYS	13678.262979868	B	202	CYS
B:203:HIS	1866.57620662924	B	203	HIS
B:204:ILE	6717.38725538238	B	204	ILE
B:205:VAL	2153.78222578561	B	205	VAL
B:206:LEU	6997.08631486159	B	206	LEU
B:207:ASN	0	B	207	ASN
B:208:THR	1306.30383182637	B	208	THR
B:209:THR	6556.16051149134	B	209	THR
B:210:PHE	4172.52856027747	B	210	PHE
B:211:CYS	387.786768069776	B	211	CYS
B:212:LEU	693.029199169825	B	212	LEU
B:213:GLN	0	B	213	GLN
B:214:THR	43.6936806065688	B	214	THR
B:215:GLN	5.51177271004857	B	215	GLN
B:216:ASN	921.412692462075	B	216	ASN
B:217:PHE	2239.63191767119	B	217	PHE
B:218:LEU	2658.50962710089	B	218	LEU
B:219:CYS	3767.96802573265	B	219	CYS
B:220:GLY	5.95125962769824	B	220	GLY
B:221:PRO	399.527595851572	B	221	PRO
B:222:LEU	1668.48904701304	B	222	LEU
B:223:ARG	1662.9849136293	B	223	ARG
B:224:TYR	1466.2219651912	B	224	TYR
B:225:THR	1429.62989286868	B	225	THR
B:226:ILE	1814.70026248903	B	226	ILE
B:227:GLU	0	B	227	GLU
B:228:ASP	31.8871769912308	B	228	ASP
B:229:GLY	1386.61397653351	B	229	GLY
B:230:ALA	1485.06238052165	B	230	ALA
B:231:ARG	0	B	231	ARG
B:232:VAL	3014.58489459816	B	232	VAL
B:233:SER	188.588305486972	B	233	SER
B:234:PRO	1	B	234	PRO
B:235:THR	286.411694513028	B	235	THR
B:236:VAL	1458.54030191421	B	236	VAL
B:237:GLY	190.929030612874	B	237	GLY
B:238:PHE	1508.3278390206	B	238	PHE
B:239:GLN	0	B	239	GLN
B:240:VAL	1096.47193475801	B	240	VAL
B:241:GLU	4.38338407035217	B	241	GLU
B:242:PHE	1328.43559133838	B	242	PHE
B:243:LEU	3243.84206138456	B	243	LEU
B:244:GLU	555.839271984175	B	244	GLU
B:245:LEU	204.248779061759	B	245	LEU
B:246:LEU	12355.7057721831	B	246	LEU
B:247:PHE	414.716035130282	B	247	PHE
B:248:HIS	662.114139142364	B	248	HIS
B:249:PHE	824.497588133246	B	249	PHE
B:250:HIS	3946.70002143875	B	250	HIS
B:251:GLY	914.009996197143	B	251	GLY
B:252:THR	611.877890600817	B	252	THR
B:253:LEU	417.862659890034	B	253	LEU
B:254:ARG	466.357781652014	B	254	ARG
B:255:LYS	0	B	255	LYS
B:256:LEU	1229.93184539438	B	256	LEU
B:257:GLN	0	B	257	GLN
B:258:LEU	1679.20323806394	B	258	LEU
B:259:GLN	10.2565357899917	B	259	GLN
B:260:GLU	257.234207109184	B	260	GLU
B:261:PRO	1236.33030993812	B	261	PRO
B:262:GLU	927.224467696402	B	262	GLU
B:263:TYR	5720.08778479809	B	263	TYR
B:264:VAL	2560.70442422082	B	264	VAL
B:265:LEU	2047.68651352729	B	265	LEU
B:266:LEU	111.026642457984	B	266	LEU
B:267:ALA	3382.06357662978	B	267	ALA
B:268:ALA	882.599485824962	B	268	ALA
B:269:MET	1192.96631840923	B	269	MET
B:270:ALA	4896.56293748303	B	270	ALA
B:271:LEU	993.251998341081	B	271	LEU
B:272:PHE	6044.78858312777	B	272	PHE
B:273:SER	0	B	273	SER
B:274:PRO	1858.29891896834	B	274	PRO
B:275:ASP	1386.21558563501	B	275	ASP
B:276:ARG	918.215585635007	B	276	ARG
B:277:PRO	450.215585635007	B	277	PRO
B:278:GLY	8.33333333333333	B	278	GLY
B:279:VAL	34.1177476983263	B	279	VAL
B:280:THR	501.784414364993	B	280	THR
B:281:GLN	969.784414364993	B	281	GLN
B:282:ARG	1438.61774769833	B	282	ARG
B:283:ASP	0	B	283	ASP
B:284:GLU	103.996373217129	B	284	GLU
B:285:ILE	2585.10127020351	B	285	ILE
B:286:ASP	81.8084490155075	B	286	ASP
B:287:GLN	0	B	287	GLN
B:288:LEU	1664.21748255588	B	288	LEU
B:289:GLN	305.433276770644	B	289	GLN
B:290:GLU	274.253748940975	B	290	GLU
B:291:GLU	217.817619439602	B	291	GLU
B:292:MET	2056.58499026607	B	292	MET
B:293:ALA	216.020224161229	B	293	ALA
B:294:LEU	1565.29948127724	B	294	LEU
B:295:THR	2103.57499450786	B	295	THR
B:296:LEU	3393.77259344739	B	296	LEU
B:297:GLN	6458.08587029924	B	297	GLN
B:298:SER	1881.92143640965	B	298	SER
B:299:TYR	1705.82483396343	B	299	TYR
B:300:ILE	854.805237037386	B	300	ILE
B:301:LYS	0	B	301	LYS
B:302:GLY	2923.99981645443	B	302	GLY
B:303:GLN	1327.6359080429	B	303	GLN
B:304:GLN	862.635908042904	B	304	GLN
B:305:ARG	398.212831119827	B	305	ARG
B:306:ARG	135.641120569942	B	306	ARG
B:307:PRO	230.4212634515	B	307	PRO
B:308:ARG	575.357065958481	B	308	ARG
B:309:ASP	1027.3640919571	B	309	ASP
B:310:ARG	1492.3640919571	B	310	ARG
B:311:PHE	1957.3640919571	B	311	PHE
B:312:LEU	155.925875367867	B	312	LEU
B:313:TYR	7271.55161712749	B	313	TYR
B:314:ALA	1185.14253570735	B	314	ALA
B:315:LYS	303.444201127097	B	315	LYS
B:316:LEU	1400.21459447735	B	316	LEU
B:317:LEU	6535.38662634412	B	317	LEU
B:318:GLY	769.956407119416	B	318	GLY
B:319:LEU	1155.85811302689	B	319	LEU
B:320:LEU	8886.03644644305	B	320	LEU
B:321:ALA	44407.8156910627	B	321	ALA
B:322:GLU	6380.17742865852	B	322	GLU
B:323:LEU	38327.3386799644	B	323	LEU
B:324:ARG	1779.03073562344	B	324	ARG
B:325:SER	87.3617099248057	B	325	SER
B:326:ILE	14822.3131202631	B	326	ILE
B:327:ASN	6508.78111790798	B	327	ASN
B:328:GLU	814.465395412541	B	328	GLU
B:329:ALA	145.039651820616	B	329	ALA
B:330:TYR	3606.20656586274	B	330	TYR
B:331:GLY	1637.20889220563	B	331	GLY
B:332:TYR	565.810961701317	B	332	TYR
B:333:GLN	0	B	333	GLN
B:334:ILE	4324.12495408878	B	334	ILE
B:335:GLN	18.4102402634905	B	335	GLN
B:336:HIS	85.7394270079059	B	336	HIS
B:337:ILE	1975.61074570353	B	337	ILE
B:338:GLN	18.4207837484153	B	338	GLN
B:339:GLY	25.9819955742392	B	339	GLY
B:340:LEU	1570.35294104053	B	340	LEU
B:341:SER	341.628692659942	B	341	SER
B:342:ALA	1.66666666666667	B	342	ALA
B:343:MET	373.513310994654	B	343	MET
B:344:MET	734.385051758031	B	344	MET
B:345:PRO	0	B	345	PRO
B:346:LEU	261.579741041248	B	346	LEU
B:347:LEU	548.440913213662	B	347	LEU
B:348:GLN	0	B	348	GLN
