coevo_rank	chain_01	coevoRes_01	coevolution_01
1	A	ASN257	0.39117495968875465
2	A	LEU37	0.31865057502421845
3	A	ALA30	0.3113179429599207
4	A	THR81	0.28911062748357047
5	A	THR84	0.28718404938066383
6	A	ASN126	0.27777946783918567
7	A	SER27	0.25857337021416843
8	A	THR13	0.24437265239381753
9	A	MET254	0.21516924188820089
10	A	VAL250	0.21075739269393032
11	A	GLY90	0.2102687173936815
12	A	LEU9	0.2084189563672079
13	A	VAL79	0.20301832472132555
14	A	MET127	0.19906221974253013
15	A	PRO100	0.19789807513129157
16	A	HIS122	0.19024228204265486
17	A	ALA128	0.1893613388129551
18	A	LEU117	0.1863341419085202
19	A	LEU256	0.1850516559925081
20	A	ALA387	0.18425893818232272
21	A	GLY24	0.1834031355491574
22	A	SER91	0.17821856014761678
23	A	ILE41	0.17610218218160684
24	A	ALA29	0.17595787378660097
25	A	PRO8	0.1751164683399648
26	A	PRO258	0.17365756881860694
27	A	PHE130	0.17352944511143786
28	A	THR20	0.17275101662774434
29	A	MET1	0.1693393411936476
30	A	LEU7	0.1690141726709627
31	A	SER32	0.16611327365332923
32	A	LYS4	0.16182598675738566
33	A	LEU178	0.1600758760983234
34	A	GLY26	0.15983030658189998
35	A	ASN216	0.15938022833318607
36	A	SER17	0.15743448610207403
37	A	SER95	0.15664510676655088
38	A	HIS5	0.15596675296915888
39	A	THR89	0.15390620465733032
40	A	PRO92	0.1532885450428543
41	A	GLU410	0.15215388166148464
42	A	GLY212	0.14904352819183952
43	A	ARG25	0.14819068808829025
44	A	SER225	0.14690603851747597
45	A	MET61	0.14645964888689586
46	A	ILE58	0.14552164930865993
47	A	PRO74	0.14495452509720044
48	A	SER43	0.14489697698958298
49	A	SER78	0.14386981699317236
50	A	GLN93	0.14313199336862503
51	A	SER18	0.14227238784615467
52	A	GLY73	0.14143465188209287
53	A	ALA252	0.1369135681997007
54	A	PRO63	0.1359243765142462
55	A	MET72	0.13305164840709557
56	A	LEU85	0.13228180071351356
57	A	ASP2	0.12966883663284842
58	A	ASN16	0.12763802371347766
59	A	HIS75	0.1273192818849175
60	A	HIS34	0.12597922825265814
61	A	PHE6	0.12498938121073787
62	A	PRO39	0.12416831657629211
63	A	PHE11	0.12384409016693286
64	A	PRO31	0.12355890526299194
65	A	THR23	0.12173550912676694
66	A	THR3	0.12128388610072291
67	A	PRO44	0.12097805659733113
68	A	PHE87	0.11779628613103328
69	A	GLY40	0.11749408733855472
70	A	GLN46	0.1157944601119618
71	A	SER36	0.1151393130162785
72	A	THR82	0.11328109758228072
73	A	GLN361	0.1132224594118116
74	A	VAL15	0.11314404850708418
75	A	SER102	0.11295143400877712
76	A	SER259	0.1060078902941975
77	A	SER124	0.10579877070707454
78	A	GLY62	0.10363734189641546
79	A	GLY86	0.10232252414100321
80	A	PRO71	0.10179220302527826
81	A	PRO83	0.09983243397976307
82	A	LEU240	0.09945505076503976
83	A	SER88	0.09834207953109152
84	A	GLY125	0.09803707623425427
85	A	MET28	0.09671492906452152
86	A	MET77	0.09624231458924108
87	A	GLY38	0.09350353571887958
88	A	THR53	0.09225178166165147
89	A	ASN218	0.09181703107827079
90	A	THR131	0.08921830639466463
91	A	ALA121	0.08788739700595773
92	A	ARG348	0.08503000445415002
93	A	SER104	0.0837567496584063
94	A	THR223	0.0830556394955009
95	A	ASP214	0.07911761597186662
96	A	SER76	0.07732420320514244
97	A	SER55	0.07593149222869965
98	A	SER52	0.07526795057607943
99	A	GLN14	0.07520687921338799
100	A	PRO50	0.07431176214025546
101	A	VAL116	0.07379474701008894
102	A	ILE51	0.07376812528049982
103	A	ASP10	0.07363276627821357
104	A	GLY42	0.07182781244231924
105	A	VAL101	0.0715138704422354
106	A	ARG215	0.06888153972882924
107	A	MET461	0.06789216276846648
108	A	LEU111	0.06627942953829874
109	A	SER12	0.06625524427512747
110	A	VAL220	0.0656953788539833
111	A	SER129	0.06534849643824882
112	A	LEU113	0.06523013773253189
113	A	HIS406	0.0650645072135362
114	A	VAL119	0.06237839754784098
115	A	ALA136	0.06126550377497578
116	A	SER69	0.06095345357330075
117	A	SER222	0.05981681958572959
118	A	LEU19	0.05966330469280002
119	A	PRO123	0.05711461695485598
120	A	ASN99	0.05699550248618026
121	A	ASN114	0.05695617057423572
122	A	ALA319	0.05626313073672456
123	A	PRO22	0.05626247909400051
124	A	HIS48	0.0561222555954908
125	A	LEU54	0.05604168711873756
126	A	GLY255	0.055418017586953146
127	A	PRO120	0.05514202949158935
128	A	LEU33	0.055084138806712916
129	A	GLY45	0.05410255507260136
130	A	LYS118	0.05379707732302064
131	A	SER21	0.053490139649264905
132	A	LEU94	0.053371273186705086
133	A	LEU47	0.052541457285352595
134	A	PRO97	0.05226077342338837
135	A	GLY60	0.05222819302628943
136	A	ASN59	0.05222819302628943
137	A	SER49	0.05215071430181928
138	A	PRO80	0.051982121158037284
139	A	GLU291	0.05056517401774914
140	A	SER70	0.050293717871511386
141	A	PRO64	0.05016239961514556
142	A	ILE134	0.0501335897057315
143	A	HIS133	0.05013358970573149
144	A	SER66	0.050003900755617996
145	A	PHE65	0.04958437677531478
146	A	VAL320	0.04948762930571072
147	A	MET98	0.04876795574768324
148	A	SER56	0.047521750166127
149	A	ALA226	0.04709113347200245
150	A	GLU221	0.04686750891256368
151	A	MET198	0.04676949546018541
152	A	ARG141	0.04666455658815798
153	A	GLY139	0.04666455658815798
154	A	VAL67	0.04641188304139709
155	A	SER224	0.045379666511286214
156	A	LYS132	0.044473085350882686
157	A	PRO57	0.044459107373199164
158	A	GLY115	0.044354767110946706
159	A	GLY144	0.044341681874486415
160	A	SER143	0.043526732700411956
161	A	VAL163	0.042122307977233105
162	A	CYS138	0.04203121981970917
163	A	LYS395	0.04168097402724052
164	A	SER142	0.04110564704216155
165	A	THR168	0.03964787463889025
166	A	SER103	0.039325247491223216
167	A	GLY148	0.03923287475909843
168	A	TYR147	0.03923287475909843
169	A	LYS145	0.03923287475909843
170	A	LYS201	0.03905737372786619
171	A	THR248	0.03876347497522721
172	A	ILE137	0.03865324973247067
173	A	PRO110	0.03800620427182639
174	A	ARG234	0.03790232908539531
175	A	ASP140	0.03779836472211994
176	A	SER339	0.037552720203227856
177	A	PRO35	0.03747316618035957
178	A	GLU203	0.03664548218187735
179	A	ILE107	0.03461616195155965
180	A	ASN174	0.033748676527966245
181	A	TYR150	0.033736334133070096
182	A	GLU105	0.03329556148045483
183	A	ASN227	0.03268809197814649
184	A	ARG202	0.03148601594166884
185	A	MET200	0.031208102706989923
186	A	GLY199	0.031208102706989923
187	A	ILE68	0.031179682867465006
188	A	GLU251	0.031132075518313238
189	A	PRO109	0.03054533852727345
190	A	LYS108	0.03054533852727345
191	A	ASP106	0.03054533852727345
192	A	ALA391	0.0299100909692648
193	A	GLU217	0.02915164732643395
194	A	ALA204	0.029066349093523666
195	A	ASP176	0.029061077784624287
196	A	SER151	0.029056080497525342
197	A	VAL149	0.02900991269482892
198	A	HIS146	0.02900991269482892
199	A	PHE158	0.0284266405419054
200	A	THR162	0.0284266405419054
201	A	ARG164	0.0284266405419054
202	A	CYS135	0.028397163253142167
203	A	CYS155	0.028087037256834434
204	A	TYR169	0.028087037256834434
205	A	GLU153	0.028087037256834424
206	A	GLY154	0.028087037256834424
207	A	LEU167	0.028087037256834424
208	A	SER96	0.027815211009860282
209	A	ASN335	0.02759299582363363
210	A	ASN253	0.027472984853101158
211	A	CYS152	0.026706678862986177
212	A	ALA197	0.02630769197239141
213	A	LYS194	0.02630769197239141
214	A	GLN193	0.02630769197239141
215	A	TYR192	0.02630769197239141
216	A	ILE179	0.026174359877679333
217	A	LYS213	0.02570611776989218
218	A	TYR249	0.025277351846660443
219	A	GLN188	0.02510723653692967
220	A	ASN185	0.024396373249195382
221	A	GLN210	0.02429888693928509
222	A	ASN385	0.023849680577824918
223	A	CYS171	0.023406783621289663
224	A	THR170	0.023406783621289663
225	A	LYS156	0.023359415735118662
226	A	GLY157	0.023359415735118662
227	A	ASP166	0.023359415735118662
228	A	LYS165	0.023359415735118662
229	A	ARG161	0.022942726166988645
230	A	ILE286	0.022396814895714393
231	A	GLU207	0.022174796572600592
232	A	ARG191	0.021645083328261233
233	A	LEU196	0.021645083328261233
234	A	CYS190	0.02164508332826123
235	A	TYR189	0.021122603267668818
236	A	CYS195	0.021122603267668814
237	A	ARG186	0.020418694215777747
238	A	CYS187	0.020418694215777747
239	A	GLY112	0.02027459399215346
240	A	SER380	0.020058537455119072
241	A	ARG172	0.020023323895968274
242	A	LYS160	0.019423369121792336
243	A	PHE159	0.019423369121792336
244	A	GLN183	0.019310383997660493
245	A	ALA402	0.01898329567863776
246	A	THR365	0.018954296394766586
247	A	GLU247	0.018344334545656513
248	A	ASP229	0.017230614529083466
249	A	PRO261	0.017012050589822143
250	A	LYS407	0.017012050589822143
251	A	GLU219	0.015368342083612591
252	A	ARG211	0.015368342083612591
253	A	ARG209	0.015368342083612591
254	A	GLU208	0.015368342083612591
255	A	GLN206	0.015368342083612591
256	A	VAL205	0.015368342083612591
257	A	GLU237	0.015181082907059468
258	A	LYS181	0.014761020862227815
259	A	ASP180	0.014761020862227815
260	A	ARG182	0.014761020862227815
261	A	CYS177	0.014761020862227815
262	A	ARG184	0.014761020862227815
263	A	ASP173	0.014761020862227815
264	A	LYS175	0.014761020862227815
265	A	ILE235	0.014057419156338319
266	A	GLU228	0.013998906090410879
267	A	CYS404	0.013570744212331827
268	A	ARG358	0.013570744212331827
269	A	ALA344	0.013570744212331827
270	A	VAL242	0.011573318862658905
271	A	PRO244	0.011494265968885113
272	A	PRO412	0.011494265968885113
273	A	VAL374	0.01149426596888511
274	A	ILE318	0.011321588129286108
275	A	ASN262	0.009406927196627994
276	A	TYR403	0.008859613004839721
277	A	PRO293	0.007956868322788637
278	A	GLN270	0.007353958908907088
279	A	SER260	0.005915558779065705
280	A	THR462	0.0056567182239818485
281	A	ALA327	0.005271421574179365
282	A	LYS274	0.005251560445314853
283	A	LYS321	0.005251560445314853
284	A	ARG302	0.004652283075907863
285	A	LEU301	0.004652283075907863
286	A	LEU300	0.004652283075907863
287	A	ILE299	0.004652283075907863
288	A	VAL298	0.004652283075907863
289	A	GLU281	-2.651596347153435e-15
290	A	ALA238	-2.651596347153435e-15
291	A	GLU401	-2.651596347153435e-15
292	A	GLU243	-2.651596347153435e-15
293	A	ALA241	-2.651596347153435e-15
294	A	GLU239	-2.651596347153435e-15
295	A	LYS405	-2.651596347153435e-15
296	A	TYR408	-2.651596347153435e-15
297	A	LEU236	-2.651596347153435e-15
298	A	SER399	-2.651596347153435e-15
299	A	PRO409	-2.651596347153435e-15
300	A	GLU233	-2.651596347153435e-15
301	A	GLN411	-2.651596347153435e-15
302	A	PRO231	-2.651596347153435e-15
303	A	GLY413	-2.651596347153435e-15
304	A	ARG414	-2.651596347153435e-15
305	A	PHE415	-2.651596347153435e-15
306	A	ALA416	-2.651596347153435e-15
307	A	LYS417	-2.651596347153435e-15
308	A	LEU400	-2.651596347153435e-15
309	A	VAL396	-2.651596347153435e-15
310	A	ALA398	-2.651596347153435e-15
311	A	TYR397	-2.651596347153435e-15
312	A	PRO378	-2.651596347153435e-15
313	A	ASP379	-2.651596347153435e-15
314	A	VAL265	-2.651596347153435e-15
315	A	LYS381	-2.651596347153435e-15
316	A	GLY382	-2.651596347153435e-15
317	A	LEU383	-2.651596347153435e-15
318	A	SER384	-2.651596347153435e-15
319	A	PRO264	-2.651596347153435e-15
320	A	PRO386	-2.651596347153435e-15
321	A	ASP263	-2.651596347153435e-15
322	A	GLU388	-2.651596347153435e-15
323	A	VAL389	-2.651596347153435e-15
324	A	GLU390	-2.651596347153435e-15
325	A	THR246	-2.651596347153435e-15
326	A	LEU392	-2.651596347153435e-15
327	A	ARG393	-2.651596347153435e-15
328	A	GLU394	-2.651596347153435e-15
329	A	LYS245	-2.651596347153435e-15
330	A	LEU419	-2.651596347153435e-15
331	A	LEU418	-2.651596347153435e-15
332	A	PRO423	-2.651596347153435e-15
333	A	LEU420	-2.651596347153435e-15
334	A	MET452	-2.651596347153435e-15
335	A	ASP444	-2.651596347153435e-15
336	A	THR445	-2.651596347153435e-15
337	A	PRO446	-2.651596347153435e-15
338	A	ILE447	-2.651596347153435e-15
339	A	ASP448	-2.651596347153435e-15
340	A	THR449	-2.651596347153435e-15
341	A	PHE450	-2.651596347153435e-15
342	A	LEU451	-2.651596347153435e-15
343	A	GLU453	-2.651596347153435e-15
344	A	ILE442	-2.651596347153435e-15
345	A	MET454	-2.651596347153435e-15
346	A	LEU455	-2.651596347153435e-15
347	A	GLU456	-2.651596347153435e-15
348	A	ALA457	-2.651596347153435e-15
349	A	PRO458	-2.651596347153435e-15
350	A	HIS459	-2.651596347153435e-15
351	A	GLN460	-2.651596347153435e-15
352	A	MET230	-2.651596347153435e-15
353	A	GLY443	-2.651596347153435e-15
354	A	LEU441	-2.651596347153435e-15
355	A	ARG421	-2.651596347153435e-15
356	A	LEU430	-2.651596347153435e-15
357	A	LEU422	-2.651596347153435e-15
358	A	PHE376	-2.651596347153435e-15
359	A	ALA424	-2.651596347153435e-15
360	A	LEU425	-2.651596347153435e-15
361	A	ARG426	-2.651596347153435e-15
362	A	SER427	-2.651596347153435e-15
363	A	ILE428	-2.651596347153435e-15
364	A	GLY429	-2.651596347153435e-15
365	A	LYS431	-2.651596347153435e-15
366	A	LYS440	-2.651596347153435e-15
367	A	CYS432	-2.651596347153435e-15
368	A	LEU433	-2.651596347153435e-15
369	A	GLU434	-2.651596347153435e-15
370	A	HIS435	-2.651596347153435e-15
371	A	LEU436	-2.651596347153435e-15
372	A	PHE437	-2.651596347153435e-15
373	A	PHE438	-2.651596347153435e-15
374	A	PHE439	-2.651596347153435e-15
375	A	ASN377	-2.651596347153435e-15
376	A	ALA372	-2.651596347153435e-15
377	A	LEU375	-2.651596347153435e-15
378	A	PHE277	-2.651596347153435e-15
379	A	ILE310	-2.651596347153435e-15
380	A	ALA311	-2.651596347153435e-15
381	A	SER312	-2.651596347153435e-15
382	A	PHE313	-2.651596347153435e-15
383	A	SER314	-2.651596347153435e-15
384	A	HIS315	-2.651596347153435e-15
385	A	ARG316	-2.651596347153435e-15
386	A	SER317	-2.651596347153435e-15
387	A	LEU276	-2.651596347153435e-15
388	A	LEU308	-2.651596347153435e-15
389	A	GLN275	-2.651596347153435e-15
390	A	ASP322	-2.651596347153435e-15
391	A	GLY323	-2.651596347153435e-15
392	A	ILE324	-2.651596347153435e-15
393	A	LEU325	-2.651596347153435e-15
394	A	LEU326	-2.651596347153435e-15
395	A	THR328	-2.651596347153435e-15
396	A	GLY329	-2.651596347153435e-15
397	A	LEU309	-2.651596347153435e-15
398	A	GLU307	-2.651596347153435e-15
399	A	THR266	-2.651596347153435e-15
400	A	LEU279	-2.651596347153435e-15
401	A	ALA283	-2.651596347153435e-15
402	A	LYS284	-2.651596347153435e-15
403	A	ARG285	-2.651596347153435e-15
404	A	VAL280	-2.651596347153435e-15
405	A	PRO287	-2.651596347153435e-15
406	A	HIS288	-2.651596347153435e-15
407	A	PHE289	-2.651596347153435e-15
408	A	SER290	-2.651596347153435e-15
409	A	LEU292	-2.651596347153435e-15
410	A	ASN306	-2.651596347153435e-15
411	A	THR278	-2.651596347153435e-15
412	A	LEU294	-2.651596347153435e-15
413	A	ASP295	-2.651596347153435e-15
414	A	ASP296	-2.651596347153435e-15
415	A	GLN297	-2.651596347153435e-15
416	A	ALA303	-2.651596347153435e-15
417	A	GLY304	-2.651596347153435e-15
418	A	TRP305	-2.651596347153435e-15
419	A	LEU330	-2.651596347153435e-15
420	A	HIS331	-2.651596347153435e-15
421	A	VAL332	-2.651596347153435e-15
422	A	LYS364	-2.651596347153435e-15
423	A	LYS356	-2.651596347153435e-15
424	A	MET357	-2.651596347153435e-15
425	A	CYS269	-2.651596347153435e-15
426	A	ASP359	-2.651596347153435e-15
427	A	MET360	-2.651596347153435e-15
428	A	ILE268	-2.651596347153435e-15
429	A	MET362	-2.651596347153435e-15
430	A	ASP363	-2.651596347153435e-15
431	A	ASN267	-2.651596347153435e-15
432	A	HIS333	-2.651596347153435e-15
433	A	GLU366	-2.651596347153435e-15
434	A	LEU367	-2.651596347153435e-15
435	A	GLY368	-2.651596347153435e-15
436	A	CYS369	-2.651596347153435e-15
437	A	LEU370	-2.651596347153435e-15
438	A	ARG371	-2.651596347153435e-15
439	A	TRP282	-2.651596347153435e-15
440	A	ILE373	-2.651596347153435e-15
441	A	SER355	-2.651596347153435e-15
442	A	VAL354	-2.651596347153435e-15
443	A	LEU353	-2.651596347153435e-15
444	A	GLU352	-2.651596347153435e-15
445	A	ARG334	-2.651596347153435e-15
446	A	SER336	-2.651596347153435e-15
447	A	ALA337	-2.651596347153435e-15
448	A	HIS338	-2.651596347153435e-15
449	A	ASP273	-2.651596347153435e-15
450	A	ALA340	-2.651596347153435e-15
451	A	GLY341	-2.651596347153435e-15
452	A	VAL342	-2.651596347153435e-15
453	A	GLY343	-2.651596347153435e-15
454	A	ALA272	-2.651596347153435e-15
455	A	ILE345	-2.651596347153435e-15
456	A	PHE346	-2.651596347153435e-15
457	A	ASP347	-2.651596347153435e-15
458	A	ALA271	-2.651596347153435e-15
459	A	VAL349	-2.651596347153435e-15
460	A	LEU350	-2.651596347153435e-15
461	A	THR351	-2.651596347153435e-15
462	A	VAL232	-2.651596347153435e-15
