effectiveness_rank	chain_01	effeRes_01	effectiveness_01
1	A	VAL265	0.012198551147906122
2	A	PRO264	0.010915270250378743
3	A	ILE268	0.009868028709057394
4	A	THR266	0.009848642392636112
5	A	ASP263	0.009263466174140518
6	A	ALA340	0.009074926612325705
7	A	ALA252	0.008517255794518966
8	A	ASN267	0.008376664882077169
9	A	GLY255	0.008289026525938274
10	A	HIS333	0.008259871303965981
11	A	VAL332	0.008087110083128311
12	A	CYS269	0.007672267665681823
13	A	LEU436	0.007522775231285745
14	A	GLY341	0.0074997930811530975
15	A	HIS331	0.007492150545526172
16	A	ASN253	0.007382503546339387
17	A	LEU330	0.007204368879460678
18	A	VAL342	0.006984934066963958
19	A	ASN262	0.006923597892037732
20	A	THR445	0.0068534642693993154
21	A	PHE439	0.006839387582321225
22	A	GLY323	0.0068120818365840176
23	A	SER336	0.006779713318300209
24	A	MET254	0.006595078293076689
25	A	ALA337	0.006548404703972651
26	A	ARG334	0.00635377120867876
27	A	GLU251	0.006213854155612466
28	A	HIS435	0.006208190274403699
29	A	MET452	0.006194749197938395
30	A	ILE324	0.006185793397341411
31	A	PRO446	0.006081018170259914
32	A	ILE447	0.005762683653856019
33	A	PHE289	0.005731971474297013
34	A	ASN335	0.0055603389736530295
35	A	LEU325	0.005485353395387838
36	A	PHE346	0.0054402811718455455
37	A	LEU455	0.00542553501587886
38	A	PHE376	0.005392476267411686
39	A	PRO287	0.005387177928654436
40	A	LEU451	0.005361690746968278
41	A	PRO258	0.005338431609046126
42	A	HIS288	0.005337441819383253
43	A	ALA372	0.005324644219874363
44	A	LEU326	0.005291631231364099
45	A	GLY329	0.005256241922406216
46	A	ILE373	0.00523646365204325
47	A	MET454	0.005220008921027016
48	A	ILE286	0.00518197475813162
49	A	PHE437	0.005165687419759952
50	A	THR328	0.005101386528961945
51	A	LEU375	0.005077895179791404
52	A	CYS432	0.005073169222595621
53	A	GLN270	0.005058610292123852
54	A	PHE438	0.005055647753990133
55	A	GLN297	0.00497846698383146
56	A	GLY304	0.0049270791663972476
57	A	LYS440	0.004904232895700609
58	A	LEU301	0.004882718693640283
59	A	ALA283	0.004839537833725152
60	A	PRO261	0.004779300291628919
61	A	GLY443	0.004760901794658556
62	A	ILE345	0.004746125199251677
63	A	VAL298	0.004719404627707827
64	A	CYS369	0.0047011241236852705
65	A	ARG302	0.004695567321758733
66	A	ALA303	0.004689018396828243
67	A	LEU300	0.004640326320386528
68	A	LEU256	0.004600097511660453
69	A	LEU392	0.004576929278181944
70	A	LEU433	0.004572358813375826
71	A	GLU434	0.004529755862540807
72	A	ARG393	0.004451347147212452
73	A	MET230	0.004434113322139477
74	A	ASP322	0.004433381396575973
75	A	SER339	0.004376343842543671
76	A	ASN257	0.00433657906794752
77	A	VAL396	0.0043364082137777
78	A	SER399	0.004325924148471437
79	A	LYS284	0.004299666904983189
80	A	TRP305	0.004287153112833672
81	A	ASN377	0.00427631275280777
82	A	ASP273	0.004255974942699361
83	A	ALA327	0.0042533018610223395
84	A	HIS338	0.004227548743428703
85	A	VAL389	0.00420913600045126
86	A	LEU400	0.004202734193720041
87	A	VAL280	0.00415619548566897
88	A	VAL232	0.004138807282389399
89	A	ALA272	0.004127161216161705
90	A	GLY343	0.004042992941670081
91	A	ARG285	0.004016924412320232
92	A	LYS395	0.004008912403115745
93	A	VAL374	0.004005060992163447
94	A	ILE235	0.003969485920466964
95	A	TRP282	0.003957663366132763
96	A	ARG348	0.003929341168423701
97	A	SER260	0.003855789605253811
98	A	ALA344	0.0038290031152732862
99	A	GLU390	0.0038215002015869245
100	A	ALA391	0.003820886333068359
101	A	ALA271	0.0038117400900765956
102	A	ASP347	0.0038073738135782093
103	A	SER427	0.003787072536170655
104	A	ILE299	0.0037852364256593923
105	A	VAL320	0.003778518226091797
106	A	PRO378	0.003775553280809303
107	A	PRO231	0.003771762478687253
108	A	ASP444	0.003767734306717116
109	A	ALA424	0.003766531212385744
110	A	GLU453	0.0037592906502145877
111	A	GLY368	0.0037537675885088296
112	A	ASP448	0.003752281174396257
113	A	ASP296	0.003721583436749026
114	A	ARG234	0.0036966175258218233
115	A	LYS431	0.0036924286055652787
116	A	LEU279	0.0036920698792793838
117	A	LEU292	0.0036780379532150944
118	A	VAL250	0.003670046352356758
119	A	ASN306	0.0036650485954499625
120	A	ARG371	0.003651876701274426
121	A	LEU370	0.003627500857268401
122	A	TYR397	0.0036140703121157153
123	A	VAL349	0.0036000254439782966
124	A	GLY429	0.0035869393201626854
125	A	SER380	0.0035791473874037605
126	A	GLU394	0.003524322515487467
127	A	TYR249	0.003500676248841968
128	A	ARG426	0.0034892854564751814
129	A	LEU422	0.003448267428254455
130	A	ALA398	0.0034450764442926878
131	A	GLU366	0.0034443675632786926
132	A	ARG316	0.0034222347448681933
133	A	THR365	0.003411978774615728
134	A	GLN275	0.003386864101139615
135	A	PHE450	0.0033750301779488135
136	A	PRO423	0.003370519934358636
137	A	GLU401	0.003348288938081874
138	A	LEU350	0.003304402710697963
139	A	ALA402	0.0033013622120929317
140	A	LEU419	0.003282261816477329
141	A	THR278	0.0032630109278268702
142	A	GLU243	0.003260264817693583
143	A	ASP363	0.0032562928802186007
144	A	ALA319	0.0032369106420776055
145	A	LEU276	0.003219319831074155
146	A	PHE277	0.0031842555961482132
147	A	ARG421	0.0031801278588375896
148	A	TYR403	0.003177201339576802
149	A	LEU420	0.0031740485698370114
150	A	ASP379	0.0031591471082666853
151	A	LEU367	0.003148949108104116
152	A	LYS321	0.003138101916232644
153	A	GLU456	0.0031378452952333553
154	A	LEU236	0.0031205173825457665
155	A	GLU281	0.0031122756428049615
156	A	GLU233	0.003099587530321324
157	A	SER317	0.003095500785187279
158	A	PRO386	0.003089069559968206
159	A	LEU308	0.0030791427625041757
160	A	GLU291	0.0030777878674949615
161	A	LYS274	0.0030452542611171048
162	A	LEU430	0.0030276919387499032
163	A	GLU352	0.0029882627555655027
164	A	GLU239	0.002980387489723732
165	A	LYS364	0.0029343890565310497
166	A	ALA238	0.0029293687012393577
167	A	GLU388	0.002924041486613654
168	A	ILE318	0.002885306808574216
169	A	ILE428	0.0028806432447723743
170	A	LEU425	0.0028224610536995696
171	A	THR351	0.0028175821450961147
172	A	THR449	0.002782007172988137
173	A	VAL242	0.002778118149707513
174	A	LEU383	0.002776634632299333
175	A	PHE415	0.0027704389311048227
176	A	ALA457	0.0027369010903325005
177	A	PHE313	0.002733704206539187
178	A	GLU307	0.002733665598722265
179	A	LEU309	0.002656273227175454
180	A	ALA416	0.0026477796999758232
181	A	SER290	0.002644506792417572
182	A	PRO293	0.002639183926725342
183	A	LEU418	0.0026214420109315394
184	A	CYS404	0.002614650698683921
185	A	LEU240	0.0025945611195208164
186	A	LEU353	0.0025654393834015003
187	A	SER259	0.002561136420389588
188	A	VAL354	0.0025562742007618775
189	A	GLU237	0.0025433456477773147
190	A	SER312	0.002490486961828831
191	A	ASN385	0.0024716197379889373
192	A	ILE310	0.002468626986823795
193	A	ALA387	0.00246376537618331
194	A	MET362	0.002439660049170838
195	A	LEU441	0.002389818615271689
196	A	ASP295	0.002386926420496123
197	A	SER314	0.002371304678163155
198	A	ASP229	0.002369981478379676
199	A	LYS417	0.0023564500569373857
200	A	HIS315	0.002347908968206232
201	A	SER355	0.002297230827222946
202	A	ARG414	0.0021972526866400337
203	A	LYS356	0.0021561827909569163
204	A	ALA241	0.002154403808703189
205	A	ILE442	0.0020429266069349607
206	A	MET357	0.0020247456746011277
207	A	SER384	0.002006136360914385
208	A	GLN361	0.001988953431571585
209	A	LYS381	0.0019472020459985696
210	A	ALA311	0.0019420705453847271
211	A	GLY413	0.0019142680057458315
212	A	LYS407	0.0019115574823910038
213	A	GLU247	0.0019018443040059497
214	A	LEU294	0.001850283040561971
215	A	LYS405	0.0018210735083108568
216	A	ASN227	0.001802246147333562
217	A	MET360	0.001788641189310877
218	A	PRO244	0.0017696497464203328
219	A	PRO458	0.0017369561190574334
220	A	GLY382	0.0017214899466106012
221	A	ARG358	0.0015945560353963846
222	A	TYR408	0.0015852332937053302
223	A	GLU228	0.0015307316672621646
224	A	ASP359	0.0014990338240457556
225	A	PRO412	0.001398911056817793
226	A	HIS406	0.001370948433633411
227	A	GLN411	0.0011972700864518663
228	A	THR248	0.0011630673168572235
229	A	PRO409	0.0007773567169153124
230	A	GLU410	0.0004009677966556555
231	A	LYS245	0.0003513133182441856
232	A	THR246	0.0002368122931297587
