betweenness_rank	chain_02	betweenRes_02	betweenness_02
1	B	ALA321	44407.8156910627
2	B	LEU323	38327.3386799644
3	B	GLU200	26906.1504960539
4	B	ILE326	14822.3131202631
5	B	CYS202	13678.262979868
6	B	LEU246	12355.7057721831
7	B	MET168	10756.7066337187
8	B	LEU320	8886.03644644305
9	B	ILE201	8476.14248225731
10	B	TYR313	7271.55161712749
11	B	LEU206	6997.08631486159
12	B	ILE204	6717.38725538238
13	B	THR209	6556.16051149134
14	B	LEU317	6535.38662634412
15	B	ASN327	6508.78111790798
16	B	GLN297	6458.08587029924
17	B	GLU322	6380.17742865852
18	B	ALA198	6069.66653840548
19	B	PHE272	6044.78858312777
20	B	ILE164	6012.68490516294
21	B	VAL199	5838.9476489664
22	B	TYR263	5720.08778479809
23	B	ALA270	4896.56293748303
24	B	VAL104	4657.31195540663
25	B	PRO103	4521.2511864869
26	B	ILE334	4324.12495408878
27	B	PHE210	4172.52856027747
28	B	HIS250	3946.70002143875
29	B	LEU106	3813.05770550635
30	B	CYS219	3767.96802573265
31	B	ALA197	3665.53912368783
32	B	TYR330	3606.20656586274
33	B	VAL172	3515.53709516154
34	B	GLN110	3413.40054886867
35	B	LEU296	3393.77259344739
36	B	ALA267	3382.06357662978
37	B	LEU243	3243.84206138456
38	B	PHE175	3112.60070368255
39	B	VAL232	3014.58489459816
40	B	GLY302	2923.99981645443
41	B	LEU194	2789.19350014798
42	B	LEU218	2658.50962710089
43	B	PHE142	2588.3686266243
44	B	ILE285	2585.10127020351
45	B	THR166	2562.13877870043
46	B	VAL264	2560.70442422082
47	B	ALA162	2448.21155969287
48	B	LEU193	2433.67758700526
49	B	PHE129	2251.30628176493
50	B	PHE217	2239.63191767119
51	B	PHE135	2210.01098760174
52	B	VAL205	2153.78222578561
53	B	THR295	2103.57499450786
54	B	VAL158	2079.33235823349
55	B	MET292	2056.58499026607
56	B	LEU265	2047.68651352729
57	B	LEU118	2009.02439231919
58	B	ILE337	1975.61074570353
59	B	GLN190	1975.3868720306
60	B	PHE311	1957.3640919571
61	B	LEU117	1921.0212280529
62	B	SER298	1881.92143640965
63	B	ASN165	1876.53468659375
64	B	HIS203	1866.57620662924
65	B	PRO274	1858.29891896834
66	B	ILE114	1848.9636285711
67	B	ILE226	1814.70026248903
68	B	ARG324	1779.03073562344
69	B	VAL169	1772.10777237748
70	B	VAL154	1751.95943342847
71	B	HIS121	1738.66201930106
72	B	TYR299	1705.82483396343
73	B	LEU258	1679.20323806394
74	B	LEU222	1668.48904701304
75	B	LEU288	1664.21748255588
76	B	ARG223	1662.9849136293
77	B	GLY331	1637.20889220563
78	B	LEU141	1636.49344175533
79	B	HIS140	1598.63184555502
80	B	PHE132	1570.93731252183
81	B	LEU340	1570.35294104053
82	B	LEU294	1565.29948127724
83	B	PHE161	1560.33349375919
84	B	ALA120	1527.71952669342
85	B	PHE238	1508.3278390206
86	B	ARG310	1492.3640919571
87	B	ALA230	1485.06238052165
88	B	TYR224	1466.2219651912
89	B	VAL236	1458.54030191421
90	B	ARG282	1438.61774769833
91	B	THR225	1429.62989286868
92	B	MET125	1408.41319128514
93	B	LEU316	1400.21459447735
94	B	GLY229	1386.61397653351
95	B	ASP275	1386.21558563501
96	B	PHE242	1328.43559133838
97	B	GLN303	1327.6359080429
98	B	THR208	1306.30383182637
99	B	MET128	1282.93589888971
100	B	PRO261	1236.33030993812
101	B	LEU148	1232.73243988592
102	B	LEU256	1229.93184539438
103	B	MET269	1192.96631840923
104	B	ALA314	1185.14253570735
105	B	LEU319	1155.85811302689
106	B	LEU179	1129.56682574539
107	B	LEU113	1106.46857145592
108	B	VAL240	1096.47193475801
109	B	ASP309	1027.3640919571
110	B	LEU271	993.251998341081
111	B	GLN171	986.902329229136
112	B	GLN281	969.784414364993
113	B	GLU262	927.224467696402
114	B	PHE182	925.225657096909
115	B	HIS160	922.563063779209
116	B	ASN216	921.412692462075
117	B	ARG276	918.215585635007
118	B	GLY251	914.009996197143
119	B	LEU157	891.394360957435
120	B	ALA268	882.599485824962
121	B	GLN304	862.635908042904
122	B	ILE300	854.805237037386
123	B	PHE249	824.497588133246
124	B	THR176	816.038590443027
125	B	GLU328	814.465395412541
126	B	ALA152	812.165543036603
127	B	GLY318	769.956407119416
128	B	MET344	734.385051758031
129	B	LEU212	693.029199169825
130	B	LEU185	678.357321999721
131	B	ILE191	677.923950608517
132	B	HIS248	662.114139142364
133	B	PRO137	631.365251233159
134	B	ILE143	619.731568460117
135	B	THR252	611.877890600817
136	B	ARG308	575.357065958481
137	B	PHE167	572.807342022411
138	B	TYR332	565.810961701317
139	B	GLU244	555.839271984175
140	B	LEU347	548.440913213662
141	B	HIS124	534.896897363119
142	B	THR280	501.784414364993
143	B	ARG254	466.357781652014
144	B	PRO277	450.215585635007
145	B	HIS145	448.022197245548
146	B	ILE173	444.722183732478
147	B	THR116	428.243778689938
148	B	GLY196	422.959506681112
149	B	LEU253	417.862659890034
150	B	PHE247	414.716035130282
151	B	PRO221	399.527595851572
152	B	ARG305	398.212831119827
153	B	LEU151	387.841951272516
154	B	CYS211	387.786768069776
155	B	LEU170	375.803302987672
156	B	MET343	373.513310994654
157	B	SER341	341.628692659942
158	B	GLN289	305.433276770644
159	B	HIS144	304.22902624968
160	B	LYS315	303.444201127097
161	B	ILE187	290.396667202533
162	B	THR235	286.411694513028
163	B	GLU290	274.253748940975
164	B	GLU109	268.206669976748
165	B	LEU346	261.579741041248
166	B	GLU260	257.234207109184
167	B	GLY119	255.316415019671
168	B	PRO138	248.696181533702
169	B	ALA139	247.346056532665
170	B	PRO307	230.4212634515
171	B	SER107	224.903485216451
172	B	THR150	224.181171768272
173	B	GLU291	217.817619439602
174	B	ALA293	216.020224161229
175	B	LEU245	204.248779061759
176	B	ASP189	199.574534372831
177	B	GLY237	190.929030612874
178	B	SER233	188.588305486972
179	B	ARG183	172.320452688203
180	B	THR159	166.608688068158
181	B	LEU312	155.925875367867
182	B	ARG115	154.726557569672
183	B	GLU111	152.844532325628
184	B	ALA329	145.039651820616
185	B	ARG306	135.641120569942
186	B	LEU266	111.026642457984
187	B	GLU284	103.996373217129
188	B	THR122	101.838411996801
189	B	SER325	87.3617099248057
190	B	ASP163	86.5432670783457
191	B	HIS336	85.7394270079059
192	B	GLN131	82.9035533472412
193	B	ASP286	81.8084490155075
194	B	LYS177	79.890844392746
195	B	GLY126	73.2210969177743
196	B	THR127	47.7070346320346
197	B	LYS174	44.1074327072878
198	B	THR214	43.6936806065688
199	B	GLU130	39.2599130685947
200	B	VAL279	34.1177476983263
201	B	PRO147	32.2111360877853
202	B	ASP228	31.8871769912308
203	B	ASP178	26.9052475674311
204	B	GLY339	25.9819955742392
205	B	VAL133	19.3296520315691
206	B	LYS108	19.1101551931996
207	B	GLN338	18.4207837484153
208	B	GLN335	18.4102402634905
209	B	GLN259	10.2565357899917
210	B	GLY278	8.33333333333333
211	B	GLN146	6.23333333333333
212	B	GLY220	5.95125962769824
213	B	GLN215	5.51177271004857
214	B	GLU241	4.38338407035217
215	B	LEU155	3.33333333333333
216	B	ALA342	1.66666666666667
217	B	PRO234	1.0
218	B	SER192	0.703968253968254
219	B	LYS195	0.703968253968254
220	B	VAL181	0.583333333333333
221	B	ARG123	0.455263157894737
222	B	PRO345	0.0
223	B	GLN105	0.0
224	B	GLU112	0.0
225	B	GLN257	0.0
226	B	PRO180	0.0
227	B	GLN134	0.0
228	B	GLN333	0.0
229	B	LYS255	0.0
230	B	GLN239	0.0
231	B	ARG231	0.0
232	B	GLU227	0.0
233	B	SER273	0.0
234	B	GLN213	0.0
235	B	ASN207	0.0
236	B	ASP283	0.0
237	B	GLN287	0.0
238	B	LYS301	0.0
239	B	GLU188	0.0
240	B	PRO186	0.0
241	B	SER184	0.0
242	B	PRO156	0.0
243	B	PRO153	0.0
244	B	PRO149	0.0
245	B	ARG136	0.0
246	B	GLN348	0.0
